id,name,code,referentiecode,sort_code,rgs_allowed_journals_code,rgs_allowed_journals_type,parent_id,code_prefix_start,code_prefix_end
account_group_B,BALANS,B,B,,,,,,
account_group_04,Effecten (kortlopend),4,BEff,H,MISC,bank,account_group_B,,
account_group_06,Egalisatierekening,6,BEga,J.Z.B,MISC,,account_group_B,,
account_group_05,Groepsvermogen - Eigen vermogen - Kapitaal,5,BEiv,J,MISC,,account_group_B,,
account_group_03,Financiële vaste activa,3,BFva,D,MISC,,account_group_B,,
account_group_01,Immateriële vaste activa,1,BIva,A,"DEPR,MISC",purchase,account_group_B,,
account_group_08,Langlopende schulden,8,BLas,L,MISC,bank,account_group_B,,
account_group_10,Liquide middelen,10,BLim,I,,,account_group_B,,
account_group_02,Materiële vaste activa,2,BMva,B,"DEPR,MISC",purchase,account_group_B,,
account_group_35,Onderhanden projecten (activa),35,BPro,F,MISC,"purchase,sale",account_group_B,,
account_group_12,Kortlopende schulden,12,BSch,M,,,account_group_B,,
account_group_02_1,Vastgoedbeleggingen,2.1,BVas,C,MISC,purchase,account_group_B,,
account_group_11,Vorderingen,11,BVor,G,,,account_group_B,,
account_group_30,Voorraden,30,BVrd,E,"MISC,STJ",purchase,account_group_B,,
account_group_07,Voorzieningen,7,BVrz,K,MISC,,account_group_B,,
account_group_W,WINST- EN VERLIESREKENING,W,W,,,,,,
account_group_89,Aandeel derden,89,WAad,Z.07,"MISC,ACCR",bank,account_group_W,,
account_group_41,Afschrijvingen op immateriële en materiële vaste activa,41,WAfs,T,,,account_group_W,,
account_group_80_9,Algemene beheerskosten,80.9,WAkf,O.U,MISC,purchase,account_group_W,,
account_group_42,Overige bedrijfskosten,42,WBed,W,,,account_group_W,,
account_group_60,Belastingen,60,WBel,Z.03,MISC,bank,account_group_W,,
account_group_41_2,Overige waardeveranderingen,41.2,WBwv,V,,,account_group_W,,
account_group_50,Financiële baten en lasten,50,WFbe,Z.02,MISC,bank,account_group_W,,
account_group_80_6,Kosten omtrent leefbaarheid,80.6,WKol,O.P,MISC,"bank,sale,purchase",account_group_W,,
account_group_70,Kostprijs van de omzet,70,WKpr,Q,,,account_group_W,,
account_group_88,Ledenbetalingen (inclusief reeds betaalde voorschotten),88,WLbe,Z.06,MISC,"bank,sale",account_group_W,,
account_group_95,Mutatie fiscale oudedagsreserve,95,WMfo,Z.09,MISC,,account_group_W,,
account_group_90,Nettoresultaat,90,WNer,Z.08,MISC,,account_group_W,,
account_group_80_5,Netto resultaat overige activiteiten,80.5,WNoa,O.N,MISC,"bank,sale",account_group_W,,
account_group_80,Netto-omzet,80,WOmz,O,,sale,account_group_W,,
account_group_44,Overige organisatiekosten,44,WOok,O.O,MISC,purchase,account_group_W,,
account_group_82,Overige bedrijfsopbrengsten,82,WOvb,R,MISC,"bank,sale",account_group_W,,
account_group_45,Opbrengst van vorderingen die tot de vaste activa behoren en van effecten,45,WOvt,X,MISC,"bank,sale",account_group_W,,
account_group_40,Lasten uit hoofde van personeelsbeloningen,40,WPer,S,,,account_group_W,,
account_group_84,Aandeel in resultaat van ondernemingen waarin wordt deelgenomen,84,WRed,Z.04,MISC,bank,account_group_W,,
account_group_80_1,Netto resultaat exploitatie van vastgoedportefeuille,80.1,WRev,O.J,MISC,"bank,sale",account_group_W,,
account_group_80_3,Netto gerealiseerd resultaat verkoop vastgoedportefeuille,80.3,WRgr,O.L,MISC,"bank,sale",account_group_W,,
account_group_80_2,Netto resultaat verkocht vastgoed in ontwikkeling,80.2,WRvi,O.K,MISC,"bank,sale",account_group_W,,
account_group_46,Vrijval herwaarderingsreserve,46,WVhe,Y,MISC,,account_group_W,,
account_group_80_8,Verkoopkosten,80.8,WVkf,O.T,MISC,"bank,sale,purchase",account_group_W,,
account_group_47,Waardeveranderingen van financiële vaste activa en van effecten,47,WWfa,Z,MISC,,account_group_W,,
account_group_81,Wijziging voorraden,81,WWiv,P,"MISC,STJ",purchase,account_group_W,,
account_group_41_1,Waardeveranderingen van immateriële en materiële vaste activa en vastgoedbeleggingen,41.1,WWvi,U,,,account_group_W,,
account_group_80_4,Waardeveranderingen vastgoedportefeuille,80.4,WWvv,O.M,MISC,"bank,sale",account_group_W,,
account_group_1101000,Vorderingen op handelsdebiteuren,1101000,BVorDeb,G.A,MISC,"sale,bank",account_group_11,1101,1101
account_group_3001000,Handelsgoederen,3001000,BVrdHan,E.E,,,account_group_30,3001,3001
account_group_3003000,Emballage,3003000,BVrdEmb,E.G,,,account_group_30,3003,3003
account_group_3004000,Vooruitbetalingen op voorraden,3004000,BVrdVrv,E.F,,,account_group_30,3004,3004
account_group_3101000,Onderhanden werk,3101000,BVrdOwe,E.C,,,account_group_30,3101,3101
account_group_3103000,Gereed product,3103000,BVrdGep,E.D,,,account_group_30,3103,3103
account_group_3104000,Vastgoed,3104000,BVrdVas,E.H,,,account_group_30,3104,3104
account_group_3105000,Niet gebruiksvee,3105000,BVrdNig,E.I,,,account_group_30,3105,3105
account_group_3106000,Overige voorraden,3106000,BVrdVoo,E.J,,,account_group_30,3106,3106
account_group_3501000,Onderhanden projecten in opdracht van derden,3501000,BProOnp,F.A,,,account_group_35,3501,3501
account_group_0101000,Kosten van oprichting en van uitgifte van aandelen,101000,BIvaKou,A.A,,,account_group_01,101,101
account_group_0102000,Kosten van ontwikkeling,102000,BIvaKoo,A.B,,,account_group_01,102,102
account_group_0105000,Bouwclaims,105000,BIvaBou,A.K,,,account_group_01,105,105
account_group_0106000,"Concessies, vergunningen en intellectuele eigendom",106000,BIvaCev,A.C,,,account_group_01,106,106
account_group_0107000,Goodwill,107000,BIvaGoo,A.D,,,account_group_01,107,107
account_group_0109000,Vooruitbetalingen op immateriële vaste activa,109000,BIvaVoi,A.E,,,account_group_01,109,109
account_group_0110000,Overige immateriële vaste activa,110000,BIvaOiv,A.Z,,,account_group_01,110,110
account_group_0201000,Terreinen,201000,BMvaTer,B.A,,,account_group_02,201,201
account_group_0202000,Bedrijfsgebouwen,202000,BMvaBeg,B.B,,,account_group_02,202,202
account_group_0203000,Verbouwingen,203000,BMvaVer,B.C,,,account_group_02,203,203
account_group_0204000,Vastgoedbeleggingen in ontwikkeling bestemd voor eigen exploitatie,204000,BVasVio,C.A,DEPR,,account_group_02_1,204,204
account_group_0205000,Vastgoedbeleggingen in exploitatie,205000,BVasSvi,C.B,DEPR,,account_group_02_1,205,205
account_group_0206000,Niet -Daeb-vastgoed in exploitatie,206000,BVasCvi,C.C,,,account_group_02_1,206,206
account_group_0207000,Onroerende zaken verkocht onder voorwaarden,207000,BVasOzv,C.D,,,account_group_02_1,207,207
account_group_0209000,Huurdersinvesteringen,209000,BMvaHuu,B.L,,,account_group_02,209,209
account_group_0210000,Machines en installaties,210000,BMvaMei,B.D,,,account_group_02,210,210
account_group_0211000,Vliegtuigen,211000,BMvaVli,B.M,,,account_group_02,211,211
account_group_0212000,Schepen,212000,BMvaSch,B.N,,,account_group_02,212,212
account_group_0213000,Automobielen en overige transportmiddelen,213000,BMvaTev,B.I,,,account_group_02,213,213
account_group_0214000,Andere vaste bedrijfsmiddelen,214000,BMvaObe,B.E,,,account_group_02,214,214
account_group_0215000,Inventaris,215000,BMvaBei,B.H,,,account_group_02,215,215
account_group_0216000,Vaste bedrijfsmiddelen in uitvoering,216000,BMvaVbi,B.U,,,account_group_02,2160,2160
account_group_0216100,Vooruitbetalingen op materiële vaste activa,216100,BMvaVmv,B.V,,,account_group_02,2161,2161
account_group_0217000,Niet aan de bedrijfsuitoefening dienstbare materiële vaste activa,217000,BMvaNad,B.W,,,account_group_02,217,217
account_group_0218000,Onroerende en roerende zaken ten dienste van de exploitatie,218000,BMvaOrz,B.X,,,account_group_02,218,218
account_group_0221000,Meerjaren plantopstand,221000,BMvaMep,B.Q,,,account_group_02,221,221
account_group_0222000,Gebruiksvee,222000,BMvaGeb,B.S,,,account_group_02,222,222
account_group_0301000,Deelnemingen in groepsmaatschappijen,301000,BFvaDig,D.A,,"purchase,bank",account_group_03,301,301
account_group_0302000,Deelnemingen in overige verbonden maatschappijen,302000,BFvaDio,D.B,,"purchase,bank",account_group_03,302,302
account_group_0303000,Overige deelnemingen,303000,BFvaAnd,D.E,,"purchase,bank",account_group_03,303,303
account_group_0304000,Overige effecten (langlopend),304000,BFvaOve,D.G,,"purchase,bank",account_group_03,304,304
account_group_0305000,Vorderingen op groepsmaatschappijen,305000,BFvaVog,D.C,,"purchase,bank",account_group_03,305,305
account_group_0306000,Vorderingen op participanten en op maatschappijen waarin wordt deelgenomen,306000,BFvaVop,D.F,,"purchase,bank",account_group_03,306,306
account_group_0307000,Vorderingen op overige verbonden maatschappijen,307000,BFvaVov,D.D,,"purchase,bank",account_group_03,307,307
account_group_0308000,Latente belastingvorderingen,308000,BFvaLbv,D.I,,,account_group_03,308,308
account_group_0309000,Overige vorderingen,309000,BFvaOvr,D.H,,"purchase,bank",account_group_03,309,309
account_group_0310000,Te vorderen BWS-subsidies,310000,BFvaSub,D.J,,"purchase,bank",account_group_03,310,310
account_group_0320000,Leningen u/g (langlopend),320000,BFvaLen,D.K,,"purchase,bank",account_group_03,320,320
account_group_0330000,Interne lening,330000,BFvaIlg,D.L,,"purchase,bank",account_group_03,330,330
account_group_0340000,Netto vermogenswaarde niet-Daeb,340000,BFvaNvm,D.M,,"purchase,bank",account_group_03,340,340
account_group_0401000,Aandelen,401000,BEffAan,H.A,,,account_group_04,401,401
account_group_0402000,Obligaties,402000,BEffObl,H.B,,,account_group_04,402,402
account_group_0403000,Overige effecten,403000,BEffOve,H.C,,,account_group_04,403,403
account_group_0404000,Optierechten,404000,BEffOpt,H.D,,,account_group_04,404,404
account_group_0405000,Optieverplichtingen,405000,BEffOpv,H.E,,,account_group_04,405,405
account_group_0406000,Derivaten,406000,BEffDer,H.F,,,account_group_04,406,406
account_group_0501000,Aandelenkapitaal,501000,BEivGok,J.A,,bank,account_group_05,501,501
account_group_0502000,Agio,502000,BEivAgi,J.D,,bank,account_group_05,502,502
account_group_0503000,Herwaarderingsreserves,503000,BEivHer,J.E,,,account_group_05,503,503
account_group_0504000,Wettelijke reserves,504000,BEivWer,J.F,,,account_group_05,504,504
account_group_0505019,Bestemmingsreserves,505019,BEivBer,J.I,,bank,account_group_05,50502,50502
account_group_0505000,Statutaire reserves,505000,BEivStr,J.G,,,account_group_05,50503,50509
account_group_0506000,Overige reserves,506000,BEivOvr,J.K,,bank,account_group_05,50600,50600
account_group_0506009,Onverdeelde winst,506009,BEivOre,J.L,,,account_group_05,50601,50609
account_group_0507000,Bestemmingsfondsen,507000,BEivBef,J.H,,bank,account_group_05,5070,5070
account_group_0507100,Financiële instrumenten op basis van juridische vorm geclassificeerd als eigen vermogen,507100,BEivFij,J.J,,bank,account_group_05,5071,5071
account_group_0508000,Aandeel van derden,508000,BEivAvd,J.Z,,,account_group_05,508,508
account_group_0509000,Eigen vermogen onderneming natuurlijke personen,509000,BEivKap,J.M,,bank,account_group_05,50900,50904
account_group_0509049,"Kapitaal stichting, coöperatie en vereniging",509049,BEivSev,J.B,,bank,account_group_05,50905,50906
account_group_0509069,Commanditair kapitaal,509069,BEivCok,J.C,,bank,account_group_05,50907,50907
account_group_0509079,Overige kapitaalcomponenten,509079,BEivOkc,J.X,,bank,account_group_05,50908,50909
account_group_0509100,Eigen vermogen firmant 2,509100,BEivKa2,J.N,,bank,account_group_05,5091,5091
account_group_0509200,Eigen vermogen firmant 3,509200,BEivKa3,J.O,,bank,account_group_05,5092,5092
account_group_0509300,Eigen vermogen firmant 4,509300,BEivKa4,J.P,,bank,account_group_05,5093,5093
account_group_0509400,Eigen vermogen firmant 5,509400,BEivKa5,J.Q,,bank,account_group_05,5094,5094
account_group_0510000,Fiscale reserves,510000,BEivFir,J.Y,,,account_group_05,510,510
account_group_0601000,Egalisatierekening,601000,BEgaEga,J.Z.B010,,,account_group_06,601,601
account_group_0701000,Voorziening voor pensioenen,701000,BVrzVvp,K.A,,,account_group_07,701,701
account_group_0702000,Voorziening voor belastingen,702000,BVrzVvb,K.B,,,account_group_07,702,702
account_group_0704000,Overige voorzieningen,704000,BVrzOvz,K.C,,,account_group_07,703,704
account_group_0704174,Voorziening voor onrendabele investeringen en herstructureringen,704174,BVrzOih,K.D,,,account_group_07,704175,704175
account_group_0705000,Negatieve goodwill,705000,BLasNeg,L.O,,bank,account_group_08,705,705
account_group_0801000,Achtergestelde schulden,801000,BLasAcl,L.A,,,account_group_08,801,801
account_group_0802000,Converteerbare leningen,802000,BLasCol,L.B,,,account_group_08,802,802
account_group_0803000,"Obligatieleningen, pandbrieven en andere leningen",803000,BLasAoe,L.C,,,account_group_08,803,803
account_group_0804000,Financiële lease verplichtingen,804000,BLasFlv,L.D,,,account_group_08,804,804
account_group_0805000,Schulden aan banken,805000,BLasSak,L.E,,,account_group_08,805,805
account_group_0806009,Schulden aan groepsmaatschappijen,806009,BLasSag,L.I,,,account_group_08,80601,80601
account_group_0806019,Schulden aan overige verbonden maatschappijen,806019,BLasSao,L.J,,,account_group_08,80602,80602
account_group_0806029,Schulden aan participanten en aan maatschappijen waarin wordt deelgenomen,806029,BLasSap,L.K,,,account_group_08,80603,80603
account_group_0806039,Belastingen en premies sociale verzekeringen,806039,BLasBep,L.L,,,account_group_08,806040,806043
account_group_0806044,Schulden uit hoofde van belastingen,806044,BLasSuh,L.M,,,account_group_08,806044,806048
account_group_0806049,Schulden ter zake van pensioenen,806049,BLasStz,L.N,,,account_group_08,80605,80605
account_group_0806059,Ontvangen vooruitbetalingen op bestellingen,806059,BLasVob,L.F,,,account_group_08,80606,80606
account_group_0806069,Schulden aan leveranciers en handelskredieten,806069,BLasSal,L.G,,,account_group_08,80607,80607
account_group_0806079,Te betalen wissels en cheques,806079,BLasTbw,L.H,,,account_group_08,80608,80609
account_group_0806119,Schulden aan overheid (langlopend),806119,BLasSoh,L.S,,,account_group_08,8061,8061
account_group_0806109,Verplichtingen uit hoofde van onroerende zaken verkocht onder voorwaarden,806109,BLasVhz,L.T,,,account_group_08,80611,80611
account_group_0806129,Overige schulden,806129,BLasOls,L.U,,,account_group_08,80613,80614
account_group_0806148,Oudedagsverplichting,806148,BLasOdv,L.P,,,account_group_08,806149,806149
account_group_0806170,Overlopende passiva,806170,BLasOvp,L.V,,,account_group_08,80617,80617
account_group_0807000,Participaties (geclassificeerd als vreemd vermogen),807000,BLasPar,L.Q,,,account_group_08,8070,8070
account_group_1001000,Kasmiddelen,1001000,BLimKas,I.A,,cash,account_group_10,1001,1001
account_group_1002000,Tegoeden op bankgirorekeningen,1002000,BLimBan,I.B,,,account_group_10,1002,1002
account_group_1003000,Kruisposten,1003000,BLimKru,I.C,MISC,"bank,cash",account_group_10,1003,1003
account_group_1103159,Vorderingen uit hoofde van belastingen,1103159,BVorVbk,G.G,"MISC,WAG,TAX","sale,purchase,bank",account_group_11,11020,11020
account_group_1103000,Overige vorderingen,1103000,BVorOvr,G.K,MISC,"sale,purchase,bank",account_group_11,11030,11032
account_group_1103039,Te vorderen subsidies,1103039,BVorTsk,G.I,MISC,"purchase,bank",account_group_11,110304,110309
account_group_1103099,Vorderingen op groepsmaatschappijen (kortlopend),1103099,BVorVog,G.B,MISC,"sale,purchase,bank",account_group_11,110310,110310
account_group_1103109,Vorderingen op overige verbonden maatschappijen (kortlopend),1103109,BVorVov,G.C,MISC,"sale,purchase,bank",account_group_11,110311,110311
account_group_1103119,Vorderingen op participanten en op maatschappijen waarin wordt deelgenomen (kortlopend),1103119,BVorVop,G.D,MISC,"sale,purchase,bank",account_group_11,110312,110312
account_group_1103129,Van aandeelhouders opgevraagde stortingen,1103129,BVorVao,G.F,MISC,"sale,purchase,bank",account_group_11,110313,110313
account_group_1103149,Vorderingen uit hoofde van pensioenen,1103149,BVorVpk,G.J,MISC,"purchase,bank",account_group_11,110315,110316
account_group_1103169,Latente belastingvorderingen (kortlopend),1103169,BVorLbv,G.H,MISC,,account_group_11,110317,110317
account_group_1103300,Vorderingen op leden van de coöperatie,1103300,BVorVlc,G.E,MISC,"sale,purchase,bank",account_group_11,11033,11033
account_group_1104000,Overlopende activa,1104000,BVorOva,G.L,"MISC,ACCR","sale,purchase,bank",account_group_11,1104,1104
account_group_1104105,Overheid,1104105,BVorOvh,G.N,MISC,"sale,purchase,bank",account_group_11,1104205,1104205
account_group_1105000,Tussenrekeningen,1105000,BVorTus,G.M,MISC,"sale,purchase,bank",account_group_11,1105,1107
account_group_1201000,Kortlopende leningen-schulden-verplichtingen,1201000,BSchKol,M.A,MISC,bank,account_group_12,1201,1201
account_group_1201059,Aflossingsverplichtingen van langlopende leningen,1201059,BSchAos,M.M,MISC,"purchase,bank",account_group_12,120106,120106
account_group_1203000,Schulden aan leveranciers en handelskredieten,1203000,BSchCre,M.D,"MISC,EXCH","purchase,bank",account_group_12,12030,12030
account_group_1204000,Salarisverwerking,1204000,BSchSal,M.O,"MISC,WAG",bank,account_group_12,12040,12041
account_group_1204089,Schulden ter zake van pensioenen,1204089,BSchStz,M.L,MISC,"purchase,bank",account_group_12,120409,120409
account_group_1205009,Belastingen en premies sociale verzekeringen,1205009,BSchBep,M.K,"MISC,WAG,TAX","sale,purchase,bank",account_group_12,120501,120800
account_group_1208100,Schulden aan groepsmaatschappijen,1208100,BSchSag,M.F,MISC,"sale,purchase,bank",account_group_12,12081,12081
account_group_1208200,Schulden aan overige verbonden maatschappijen,1208200,BSchSao,M.G,MISC,"sale,purchase,bank",account_group_12,12082,12082
account_group_1208300,Schulden aan participanten en aan maatschappijen waarin wordt deelgenomen,1208300,BSchSap,M.H,MISC,"sale,purchase,bank",account_group_12,12083,12083
account_group_1208400,Schulden uit hoofde van belasting naar de winst,1208400,BSchShb,M.I,MISC,"sale,purchase,bank",account_group_12,12084,12084
account_group_1208500,Kortlopende financiële lease verplichtingen,1208500,BSchFlk,M.J,MISC,"purchase,bank",account_group_12,12085,12085
account_group_1209000,Overige schulden,1209000,BSchOvs,M.P,MISC,"sale,purchase,bank",account_group_12,12090,12091
account_group_1209029,Schulden aan banken,1209029,BSchSak,M.B,MISC,bank,account_group_12,120903,120903
account_group_1209040,Ontvangen vooruitbetalingen op bestellingen,1209040,BSchVob,M.C,MISC,bank,account_group_12,120904,120904
account_group_1209079,Te betalen wissels en cheques,1209079,BSchTbw,M.E,MISC,"sale,purchase,bank",account_group_12,120908,120908
account_group_1209119,Onderhanden projecten (passiva) overige schulden,1209119,BSchOpp,M.N,MISC,,account_group_12,120912,120912
account_group_1210000,Overlopende passiva,1210000,BSchOpa,M.Q,MISC,"sale,purchase,bank",account_group_12,1210,1210
account_group_1211000,Schulden aan overheid (kortlopend),1211000,BSchSoh,M.A.F,MISC,"sale,purchase,bank",account_group_12,1211,1211
account_group_1220000,Tussenrekeningen,1220000,BSchTus,M.R,MISC,"sale,purchase,bank",account_group_12,122,122
account_group_1230000,Uit te keren dividend aan houders van aandelen,1230000,BSchDha,M.S,MISC,bank,account_group_12,123,123
account_group_1240000,Uit te keren dividend aan houders van preferente aandelen,1240000,BSchDhp,M.T,MISC,bank,account_group_12,124,124
account_group_1250000,Schulden aan daeb-niet daeb,1250000,BSchSdn,M.U,MISC,"sale,purchase,bank",account_group_12,125,125
account_group_1260000,Schulden aan leden van de coöperatie,1260000,BSchSlc,M.V,MISC,"sale,purchase,bank",account_group_12,126,126
account_group_3002000,Voorraad grond- en hulpstoffen,3002000,BVrdGeh,E.A,,,account_group_30,3002,3002
account_group_3102000,Halffabrikaten,3102000,BVrdHal,E.B,,,account_group_30,3102,3102
account_group_4001000,Lonen en salarissen,4001000,WPerLes,S.A,WAG,,account_group_40,4001,4001
account_group_4002000,Sociale lasten,4002000,WPerSol,S.B,WAG,,account_group_41,4002,4002
account_group_4003000,Pensioenlasten,4003000,WPerPen,S.C,WAG,,account_group_41,4003,4003
account_group_4003999,Werkkostenregeling - detail,4003999,WBedWkr,W.A,"MISC,ACCR",purchase,account_group_42,4004,4011
account_group_4004008,Overige lasten uit hoofde van personeelsbeloningen,4004008,WPerOlu,S.D,WAG,purchase,account_group_41,40040,40040
account_group_4012000,Overige personeelsgerelateerde kosten,4012000,WBedOvp,W.B,"MISC,ACCR",purchase,account_group_42,4012,4014
account_group_4101000,Afschrijvingen op immateriële vaste activa,4101000,WAfsAiv,T.A,"DEPR,ACCR",,account_group_41,4101,4101
account_group_4102000,Afschrijvingen op materiële vaste activa,4102000,WAfsAmv,T.B,"DEPR,ACCR",,account_group_41,4102,4102
account_group_4103000,Waardeveranderingen van immateriële vaste activa,4103000,WWviWvi,U.A,"MISC,ACCR",,account_group_41_1,4103,4103
account_group_4103008,Afschrijvingen vastgoed,4103008,WAfsAfv,T.C,"DEPR,ACCR",,account_group_41,41030,41030
account_group_4104000,Waardeveranderingen van materiële vaste activa,4104000,WWviWvm,U.B,"MISC,ACCR",,account_group_41_1,4104,4104
account_group_4105000,Boekresultaat op immateriële vaste activa,4105000,WAfsRvi,T.D,"DEPR,ACCR",,account_group_41,4105,4105
account_group_4105500,Wijziging in de reële waarde van vastgoedbeleggingen,4105500,WWviWvb,U.C,"MISC,ACCR",,account_group_41_1,41055,41055
account_group_4106000,Boekresultaat op materiële vaste activa,4106000,WAfsRvm,T.E,"DEPR,ACCR",,account_group_41,4106,4106
account_group_4106009,Bijzondere waardeverminderingen van vlottende activa,4106009,WBwvObw,V.A,DEPR,,account_group_41_2,41060,41060
account_group_4106200,Gerealiseerde waardeveranderingen van beleggingen,4106200,WBwvGwb,V.B,"MISC,ACCR",,account_group_41_2,41062,41062
account_group_4106300,Niet-gerealiseerde waardeveranderingen van beleggingen,4106300,WBwvNwb,V.C,"MISC,ACCR",,account_group_41_2,41063,41063
account_group_4107000,Boekresultaat vastgoed,4107000,WAfsBov,T.F,"DEPR,ACCR",,account_group_41,4107,4107
account_group_4199000,Doorberekende afschrijvingen en waardeveranderingen,4199000,WAfsDae,T.G,"DEPR,MISC,ACCR",,account_group_41,4199,4199
account_group_4201000,Huisvestingskosten,4201000,WBedHui,W.C,"MISC,ACCR",purchase,account_group_42,4201,4201
account_group_4202000,Exploitatie- en machinekosten,4202000,WBedEem,W.D,"MISC,ACCR",purchase,account_group_42,4202,4202
account_group_4203000,Verkoop gerelateerde kosten,4203000,WBedVkk,W.E,"MISC,ACCR",purchase,account_group_42,4203,4203
account_group_4204000,Autokosten,4204000,WBedAut,W.F,"MISC,ACCR,WAG",purchase,account_group_42,4204,4204
account_group_4205000,Transportkosten,4205000,WBedTra,W.G,"MISC,ACCR,WAG",purchase,account_group_42,4205,4205
account_group_4206000,Kantoorkosten,4206000,WBedKan,W.H,"MISC,ACCR",purchase,account_group_42,4206,4206
account_group_4207000,Organisatiekosten,4207000,WBedOrg,W.I,"MISC,ACCR",purchase,account_group_42,4207,4207
account_group_4208000,Assurantiekosten,4208000,WBedAss,W.J,"MISC,ACCR,WAG",purchase,account_group_42,4208,4208
account_group_4209000,Accountants- en advieskosten,4209000,WBedAea,W.K,"MISC,ACCR",purchase,account_group_42,4209,4209
account_group_4210000,Administratieve lasten,4210000,WBedAdl,W.L,"MISC,FCR,ACCR,EXCH","purchase,bank",account_group_42,4210,4210
account_group_4211000,Kosten fondsenwerving,4211000,WBedKof,W.N,"MISC,ACCR",purchase,account_group_42,4211,4211
account_group_4212000,Kosten stamrecht en lijfrentes,4212000,WBedKse,W.O,"MISC,ACCR",purchase,account_group_42,4212,4212
account_group_4213000,Dotaties en vrijval (fiscale) reserves,4213000,WBedDvr,W.P,"MISC,ACCR",purchase,account_group_42,4213,4213
account_group_4214000,Dotaties en vrijval voorzieningen,4214000,WBedDvv,W.Q,ACCR,,account_group_42,4214,4214
account_group_4215000,Andere kosten,4215000,WBedAlk,W.R,"MISC,ACCR,TAX",purchase,account_group_42,4215,4215
account_group_4216000,Baten uit niet-ondernemingsactiviteiten,4216000,WBedBno,W.01,"MISC,ACCR",purchase,account_group_42,42160,42160
account_group_4216100,Lasten uit niet-ondernemingsactiviteiten,4216100,WBedLno,W.02,"MISC,ACCR",purchase,account_group_42,42161,42161
account_group_4301000,Toegerekende kosten,4301000,WKprAkl,Q.D,ACCR,,account_group_70,4301,4301
account_group_4302000,Agrarische bedrijfskosten veeteelt,4302000,WKprAkv,Q.F,ACCR,,account_group_70,4302,4302
account_group_4400000,Overige organisatiekosten,4400000,WOokOok,O.O.A,ACCR,,account_group_44,4400,4400
account_group_7001000,Kosten van grond- en hulpstoffen / halffabrikaten,7001000,WKprKvg,Q.A,"MISC,STJ,ACCR","purchase,sale",account_group_70,7001,7001
account_group_7002000,Kosten van personeel,7002000,WKprKvp,Q.B,"MISC,STJ,ACCR",purchase,account_group_70,7002,7002
account_group_7003000,Kosten uitbesteed werk en andere externe kosten,7003000,WKprKuw,Q.C,"MISC,STJ,ACCR",purchase,account_group_70,7003,7003
account_group_7004000,Kosten van rente en afschrijvingen,7004000,WKprKra,Q.G,"MISC,STJ,ACCR",purchase,account_group_70,7004,7004
account_group_7005000,Inkoopwaarde handelsgoederen,7005000,WKprInh,Q.H,"MISC,STJ,ACCR","purchase,sale",account_group_70,7005,7005
account_group_7006000,Inkoopwaarde productiegoederen,7006000,WKprInp,Q.I,"MISC,STJ,ACCR","purchase,sale",account_group_70,7006,7006
account_group_7007000,Inkoopkortingen en bonussen,7007000,WKprLeb,Q.J,"MISC,ACCR",purchase,account_group_70,7007,7007
account_group_7008000,Betalingskortingen,7008000,WKprBtk,Q.K,"MISC,ACCR","purchase,sale,bank",account_group_70,7008,7008
account_group_7009000,Kostprijs intercompany transacties,7009000,WKprKit,Q.L,"MISC,STJ,ACCR",purchase,account_group_70,7009,7009
account_group_7010000,Mutatie omzetvorderingen,7010000,WKprMuo,Q.M,"MISC,STJ,ACCR",purchase,account_group_70,7010,7010
account_group_7011000,Voorraadmutatie,7011000,WKprVom,Q.N,"MISC,STJ,ACCR",purchase,account_group_70,7011,7011
account_group_7012000,Privé-gebruik goederen,7012000,WKprPrg,Q.O,"MISC,STJ,ACCR",purchase,account_group_70,7012,7012
account_group_7013000,Privé-gebruik diensten,7013000,WKprPrd,Q.P,"MISC,STJ,ACCR",purchase,account_group_70,7013,7013
account_group_7101000,Inkoopwaarde agrarisch,7101000,WKprIna,Q.E,"MISC,STJ,ACCR",purchase,account_group_70,7101,7101
account_group_7200000,Kostprijs - inkoopwaarde groepen,7200000,WKprGrp,Q.Q,"MISC,STJ,ACCR",purchase,account_group_70,7200,7200
account_group_7201000,Kostprijs van de omzet niet ingekocht bij leden (Coöperatie),7201000,WKprOni,Q.R,"MISC,STJ,ACCR",purchase,account_group_70,7201,7201
account_group_7202000,Totaal van lasten,7202000,WKprTvl,Q.S,"MISC,STJ,ACCR",purchase,account_group_70,7202,7204
account_group_8001000,Netto-omzet uit leveringen geproduceerde goederen,8001000,WOmzNop,O.A,ACCR,,account_group_80,8001,8001
account_group_8002000,Netto-omzet uit verkoop van handelsgoederen,8002000,WOmzNoh,O.B,ACCR,,account_group_80,8002,8002
account_group_8003000,Opbrengsten uit het verlenen van diensten,8003000,WOmzNod,O.C,ACCR,,account_group_80,8003,8003
account_group_8004000,Overige netto-omzet,8004000,WOmzNoo,O.F,ACCR,,account_group_80,8004,8004
account_group_8005000,Netto-omzet intercompany transacties,8005000,WOmzOit,O.G,ACCR,,account_group_80,8005,8005
account_group_8006000,"Kortingen, bonussen en provisies",8006000,WOmzKeb,O.H,ACCR,,account_group_80,8006,8006
account_group_8007000,Toegerekende opbrengsten,8007000,WOmzAol,O.D,ACCR,,account_group_80,8007,8007
account_group_8008000,Agrarische bedrijfsopbrengsten veeteelt,8008000,WOmzAov,O.E,ACCR,,account_group_80,8008,8008
account_group_8009000,Netto-omzet groepen,8009000,WOmzGrp,O.I,ACCR,,account_group_80,8009,8009
account_group_8010000,Huuropbrengsten,8010000,WRevHuo,O.J.A,ACCR,,account_group_80_1,8010,8010
account_group_8011000,Opbrengsten servicecontracten,8011000,WRevOsc,O.J.B,ACCR,,account_group_80_1,8011,8011
account_group_8012000,Lasten servicecontracten,8012000,WRevLsc,O.J.C,ACCR,,account_group_80_1,8012,8012
account_group_8013000,Overheidsbijdragen,8013000,WRevOhb,O.J.D,ACCR,,account_group_80_1,8013,8013
account_group_8014000,Lasten verhuur en beheeractiviteiten,8014000,WRevLvb,O.J.E,ACCR,,account_group_80_1,8014,8014
account_group_8015000,Lasten onderhoudsactiviteiten,8015000,WRevLoa,O.J.F,ACCR,,account_group_80_1,8015,8015
account_group_8016000,Overige directe operationele lasten explotatie bezit,8016000,WRevOol,O.J.G,ACCR,,account_group_80_1,8016,8016
account_group_8020000,Omzet verkocht vastgoed in ontwikkeling,8020000,WRviOvo,O.K.A,ACCR,,account_group_80_2,8020,8020
account_group_8021000,Uitgaven verkocht vastgoed in ontwikkeling,8021000,WRviUvv,O.K.B,ACCR,,account_group_80_2,8021,8021
account_group_8022000,Toegerekende organisatiekosten verkocht vastgoed in ontwikkeling,8022000,WRviTok,O.K.C,ACCR,,account_group_80_2,8022,8022
account_group_8023000,Toegerekende financieringskosten,8023000,WRviTfk,O.K.D,ACCR,,account_group_80_2,8023,8023
account_group_8030000,Verkoopopbrengst vastgoedportefeuille,8030000,WRgrOvp,O.L.A,ACCR,,account_group_80_3,8030,8030
account_group_8031000,Toegerekende organisatiekosten verkoop vastgoedportefeuille,8031000,WRgrTok,O.L.B,ACCR,,account_group_80_3,8031,8031
account_group_8032000,Boekwaarde verkochte vastgoedportefeuille,8032000,WRgrRvb,O.L.C,ACCR,,account_group_80_3,8032,8032
account_group_8033000,Directe kosten inzake verkoop vastgoedportefeuille,8033000,WRgrDkv,O.L.D,ACCR,,account_group_80_3,8033,8033
account_group_8040000,Overige waardeveranderingen van vastgoedportefeuille,8040000,WWvvOwv,O.M.A,ACCR,,account_group_80_4,8040,8040
account_group_8041000,Niet-gerealiseerde waardeveranderingen van vastgoedportefeuille,8041000,WWvvNwp,O.M.B,ACCR,,account_group_80_4,8041,8041
account_group_8042000,Niet-gerealiseerde waardeveranderingen van vastgoedportefeuille verkocht onder voorwaarden,8042000,WWvvNwv,O.M.C,ACCR,,account_group_80_4,8042,8042
account_group_8043000,Niet-gerealiseerde waardeveranderingen van vastgoedportefeuille bestemd voor verkoop,8043000,WWvvNwb,O.M.D,ACCR,,account_group_80_4,8043,8043
account_group_8050000,Opbrengsten overige activiteiten,8050000,WNoaOoa,O.N.A,ACCR,,account_group_80_5,8050,8050
account_group_8051000,Kosten overige activiteiten,8051000,WNoaKoa,O.N.B,ACCR,,account_group_80_5,8051,8051
account_group_8060000,Kosten omtrent leefbaarheid,8060000,WKolKol,O.P.A,ACCR,,account_group_80_6,8060,8060
account_group_8080000,Verkoopkosten,8080000,WVkfVkf,O.T.A,ACCR,,account_group_80_8,8080,8080
account_group_8090000,Algemene beheerskosten,8090000,WAkfAkf,O.U.A,ACCR,,account_group_80_9,8090,8090
account_group_8101000,"Wijziging in voorraden grond- en hulpstoffen, gereed product en handelsgoederen",8101000,WWivWgp,P.A,ACCR,,account_group_81,8101,8101
account_group_8102000,Wijziging in voorraden onderhanden werk,8102000,WWivWow,P.B,ACCR,,account_group_81,8102,8102
account_group_8103000,Wijziging in onderhanden projecten in opdracht van derden,8103000,WWivWop,P.C,ACCR,,account_group_81,8103,8103
account_group_8104000,Geactiveerde productie voor het eigen bedrijf,8104000,WWivGpv,P.D,ACCR,,account_group_81,8104,8104
account_group_8110000,Wijziging agrarische voorraden,8110000,WWivWav,P.E,ACCR,,account_group_81,8110,8110
account_group_8120000,Waardeveranderingen van agrarische voorraden,8120000,WWivWva,P.F,ACCR,,account_group_81,8120,8120
account_group_8130000,Marge-voorraden,8130000,WWivMrv,P.G,ACCR,,account_group_81,8130,8130
account_group_8201000,Ontvangen managementvergoeding,8201000,WOvbOnm,R.L,ACCR,,account_group_82,8201,8201
account_group_8202000,Ontvangen doorbelasting personeelskosten,8202000,WOvbOdp,R.M,ACCR,,account_group_82,8202,8202
account_group_8203000,Baten en giften uit fondsenwerving,8203000,WOvbBue,R.D,ACCR,,account_group_82,8203,8203
account_group_8204000,Baten uit gezamenlijke acties,8204000,WOvbBug,R.E,ACCR,,account_group_82,8204,8204
account_group_8205000,Baten uit acties van derden,8205000,WOvbBua,R.F,ACCR,,account_group_82,8205,8205
account_group_8206000,Verzekeringsuitkeringen,8206000,WOvbVez,R.O,ACCR,,account_group_82,8206,8206
account_group_8207000,Subsidiebaten,8207000,WOvbOrs,R.B,ACCR,,account_group_82,8207,8207
account_group_8208000,Huurontvangsten,8208000,WOvbHuo,R.G,ACCR,,account_group_82,8208,8208
account_group_8209000,Opbrengsten servicecontracten,8209000,WOvbOps,R.H,ACCR,,account_group_82,8209,8209
account_group_8210000,Netto verkoopresultaat vastgoedportefeuille,8210000,WOvbNvv,R.J,ACCR,,account_group_82,8210,8210
account_group_8211000,"College-, cursus-, les- en examengelden",8211000,WOvbCcl,R.I,ACCR,,account_group_82,8211,8211
account_group_8212000,Baten werk in opdracht van derden,8212000,WOvbBwi,R.K,ACCR,,account_group_82,8212,8212
account_group_8213000,Overige opbrengsten,8213000,WOvbOvo,R.N,ACCR,,account_group_82,8213,8213
account_group_8214000,Som van de (geworven) baten,8214000,WOvbSgb,R.P,ACCR,,account_group_82,8214,8214
account_group_8215000,Baten als tegenprestatie voor de levering van producten en/of diensten,8215000,WOvbLpd,R.A,ACCR,,account_group_82,8215,8215
account_group_8216000,Sponsorbijdragen,8216000,WOvbSpd,R.C,ACCR,,account_group_82,8216,8216
account_group_8218900,Exploitatiesubsidies,8218900,WOvbEsu,R.Q,ACCR,,account_group_82,82189,82189
account_group_8219000,Doorberekening overige bedrijfsopbrengsten,8219000,WOvbDob,R.Z,ACCR,,account_group_82,8219000,8219000
account_group_8301000,Vrijval uit herwaarderingsreserve,8301000,WVheVuh,Y.A,ACCR,,account_group_46,8301,8301
account_group_8302000,Vrijval egalisatierekening IPR,8302000,WVheVei,Y.B,ACCR,,account_group_46,8302,8302
account_group_8303000,Vrijval overige egalisatierekeningen,8303000,WVheVoe,Y.C,ACCR,,account_group_46,8303,8303
account_group_8401000,Opbrengst van vorderingen die tot de vaste activa behoren en van effecten,8401000,WOvtRof,X.A,ACCR,,account_group_45,8401,8401
account_group_8402000,Rentebaten en soortgelijke opbrengsten,8402000,WFbeRlm,Z.02.A,,,account_group_50,8402,8403
account_group_8404000,Rentelasten en soortgelijke kosten,8404000,WFbeRls,Z.02.B,,,account_group_50,8404,8404
account_group_8405000,Waardeveranderingen van financiële vaste activa en van effecten,8405000,WWfaBwv,Z.01,ACCR,,account_group_47,8405,8405
account_group_8406000,Overige rentelasten,8406000,WFbeOrl,Z.02.C,,,account_group_50,8406,8406
account_group_8407000,Wisselkoersverschillen,8407000,WFbeWis,Z.02.D,EXCH,,account_group_50,8407,8407
account_group_8408000,Kosten van beleggingen,8408000,WFbeKvb,Z.02.E,,,account_group_50,8408,8408
account_group_8409000,Kosten van beheer en administratie,8409000,WFbeKba,Z.02.F,,,account_group_50,8409,8409
account_group_8410000,Aandeel in resultaat van ondernemingen waarin wordt deelgenomen,8410000,WRedAir,Z.04.A,ACCR,,account_group_84,8410,8410
account_group_8420000,Aandeel in resultaat van ondernemingen waarin wordt deelgenomen - vrijstelling,8420000,WRedArv,Z.04.B,ACCR,,account_group_84,8420,8420
account_group_8497000,Opbrengsten uit niet op netto-vermogenswaarde e.d. gewaardeerde deelnemingen,8497000,WFbeOnn,Z.02.G,,,account_group_50,8497,8497
account_group_8498000,Waardeveranderingen van niet op netto-vermogenswaarde e.d. gewaardeerde deelnemingen,8498000,WFbeWnn,Z.02.H,,,account_group_50,8498,8498
account_group_8499000,Doorberekende financiële baten en lasten,8499000,WFbeDfb,Z.02.N,,,account_group_50,8499,8499
account_group_8500000,Derivaten,8500000,WFbeDer,Z.02.I,,,account_group_50,8500,8500
account_group_8510000,Positieve verschil tussen het ontvangen bedrag en de bij het aangaan van de lening als schuld erkende hoofdsom,8510000,WFbePol,Z.02.J,,,account_group_50,8510,8510
account_group_8511000,Positieve herwaarderingen van puttable financiële instrumenten,8511000,WFbePhp,Z.02.K,,,account_group_50,8511,8511
account_group_8512000,(Amortisatie van) agio en disagio,8512000,WFbeAad,Z.02.L,,,account_group_50,8512,8512
account_group_8513000,Negatieve verschil tussen het ontvangen bedrag en de bij het aangaan van de lening als schuld erkende hoofdsom,8513000,WFbeNol,Z.02.M,,,account_group_50,8513,8513
account_group_8514000,Negatieve herwaarderingen van puttable financiële instrumenten,8514000,WFbeNhp,Z.02.O,,,account_group_50,8514,8514
account_group_8515000,Aflossingspremies,8515000,WFbeAlp,Z.02.P,,,account_group_50,8515,8515
account_group_8516000,Emissiekosten,8516000,WFbeEmk,Z.02.Q,,,account_group_50,8516,8516
account_group_8517000,Kosten bij vervroegde aflossing (eenmalig),8517000,WFbeKva,Z.02.R,,,account_group_50,8517,8517
account_group_8518000,Bijkomende kosten ter afsluiting van een financiering,8518000,WFbeBkf,Z.02.S,,,account_group_50,8518,8518
account_group_8519000,Valutaverschillen op leningen voor zover zij als een correctie van de verschuldigde rentekosten kunnen worden aangemerkt,8519000,WFbeVlr,Z.02.T,,,account_group_50,8519,8519
account_group_8520000,Rentekosten begrepen in de leasetermijn in geval van financiële leasing,8520000,WFbeRfl,Z.02.U,,,account_group_50,8520,8520
account_group_9001000,Resultaat aandeel van derden,9001000,WAadRav,Z.07.A,ACCR,,account_group_89,90010,90010
account_group_9001100,Ledenbetalingen (inclusief reeds betaalde voorschotten),9001100,WLbeLbv,Z.06.A,ACCR,,account_group_88,90011,90011
account_group_9101000,Belastingen over de winst of het verlies,9101000,WBelBgr,Z.03.A,,,account_group_60,9101,9101
account_group_9104000,Mutatie fiscale oudedagsreserve,9104000,WMfoBel,Z.09.A,,,account_group_95,9104,9104
account_group_9999000,Nettoresultaat na belastingen (B.V.),9999000,WNerNew,Z.08.A,,,account_group_90,99990,99990
account_group_9999100,Nettoresultaat (EZ-VOF),9999100,WNerKap,Z.08.B,,,account_group_90,99991,99991
